product name,product rate,product price,product link
HP 14s Core i3 11th Gen - (8 GB/256 GB SSD/Windows 10 Home) 14s- DY2501TU Thin and Light Laptop,4.4,"₹41,890",www.flipkart.com/hp-14s-core-i3-11th-gen-8-gb-256-gb-ssd-windows-10-home-14s-dy2501tu-thin-light-laptop/p/itmdce0f13dd3a4e?pid=COMG2TFSNK3KRFPA&lid=LSTCOMG2TFSNK3KRFPAFSHCEC&marketplace=FLIPKART&q=laptop&store=6bo%2Fb5g&spotlightTagId=BestsellerId_6bo%2Fb5g&srno=s_1_1&otracker=search&fm=organic&iid=ec0102ae-6e9b-489f-8193-ed4ea6a6aba0.COMG2TFSNK3KRFPA.SEARCH&ppt=None&ppn=None&ssid=faoogyoe400000001632257583793&qH=312f91285e048e09
DELL Inspiron Core i3 10th Gen - (4 GB/256 GB SSD/Windows 10 Home) Inspiron 3501 Laptop,4.3,"₹39,890",www.flipkart.com/dell-inspiron-core-i3-10th-gen-4-gb-256-gb-ssd-windows-10-home-3501-laptop/p/itm997ad4a2b302f?pid=COMFYZC5RJ2TH2ZZ&lid=LSTCOMFYZC5RJ2TH2ZZ0DCXCR&marketplace=FLIPKART&q=laptop&store=6bo%2Fb5g&srno=s_1_2&otracker=search&fm=organic&iid=ec0102ae-6e9b-489f-8193-ed4ea6a6aba0.COMFYZC5RJ2TH2ZZ.SEARCH&ppt=None&ppn=None&ssid=faoogyoe400000001632257583793&qH=312f91285e048e09
realme Book (Slim) Core i5 11th Gen - (8 GB/512 GB SSD/Windows 10 Home) RMNB1002 Thin and Light Laptop,4.4,"₹56,999",www.flipkart.com/realme-book-slim-core-i5-11th-gen-8-gb-512-gb-ssd-windows-10-home-rmnb1002-thin-light-laptop/p/itm33d2663d94e5a?pid=COMG5YDPM8FZZWMQ&lid=LSTCOMG5YDPM8FZZWMQQUOXEB&marketplace=FLIPKART&q=laptop&store=6bo%2Fb5g&srno=s_1_3&otracker=search&fm=organic&iid=ec0102ae-6e9b-489f-8193-ed4ea6a6aba0.COMG5YDPM8FZZWMQ.SEARCH&ppt=None&ppn=None&ssid=faoogyoe400000001632257583793&qH=312f91285e048e09
Lenovo IdeaPad 3 Core i3 10th Gen - (8 GB/1 TB HDD/Windows 10 Home) 15IML05 Thin and Light Laptop,4.1,"₹39,990",www.flipkart.com/lenovo-ideapad-3-core-i3-10th-gen-8-gb-1-tb-hdd-windows-10-home-15iml05-thin-light-laptop/p/itmb244d9bfb76d4?pid=COMG4WZ7UPV659QV&lid=LSTCOMG4WZ7UPV659QVYZAEMY&marketplace=FLIPKART&q=laptop&store=6bo%2Fb5g&srno=s_1_4&otracker=search&fm=organic&iid=ec0102ae-6e9b-489f-8193-ed4ea6a6aba0.COMG4WZ7UPV659QV.SEARCH&ppt=None&ppn=None&ssid=faoogyoe400000001632257583793&qH=312f91285e048e09
HP HP Pavilion Core i5 11th Gen - (16 GB/512 GB SSD/Windows 10 Home) 14-dv0055TU Thin and Light Laptop,4.6,"₹65,990",www.flipkart.com/hp-pavilion-core-i5-11th-gen-16-gb-512-gb-ssd-windows-10-home-14-dv0055tu-thin-light-laptop/p/itm74f33aae040fe?pid=COMG38XK5USWFK7N&lid=LSTCOMG38XK5USWFK7NCTES6C&marketplace=FLIPKART&q=laptop&store=6bo%2Fb5g&srno=s_1_5&otracker=search&fm=organic&iid=ec0102ae-6e9b-489f-8193-ed4ea6a6aba0.COMG38XK5USWFK7N.SEARCH&ppt=None&ppn=None&ssid=faoogyoe400000001632257583793&qH=312f91285e048e09
Lenovo IdeaPad Slim 3i (2021) Core i3 11th Gen - (8 GB/512 GB SSD/Windows 10 Home) 14ITL6 Thin and Lig...,4.4,"₹45,990",www.flipkart.com/lenovo-ideapad-slim-3i-2021-core-i3-11th-gen-8-gb-512-gb-ssd-windows-10-home-14itl6-thin-light-laptop/p/itme8ab9fb1c9c56?pid=COMG36BS4RHFNJRM&lid=LSTCOMG36BS4RHFNJRMFGANZB&marketplace=FLIPKART&q=laptop&store=6bo%2Fb5g&srno=s_1_6&otracker=search&fm=organic&iid=ec0102ae-6e9b-489f-8193-ed4ea6a6aba0.COMG36BS4RHFNJRM.SEARCH&ppt=None&ppn=None&ssid=faoogyoe400000001632257583793&qH=312f91285e048e09
"Lenovo IdeaPad 3 Core i3 10th Gen - (4 GB/256 GB, NA SSD/Windows 10 Home) 15IML05 Thin and Light Lapto...",4.2,"₹37,990",www.flipkart.com/lenovo-ideapad-3-core-i3-10th-gen-4-gb-256-gb-na-ssd-windows-10-home-15iml05-thin-light-laptop/p/itm557913355ce02?pid=COMG4WZ7FBP4SDAA&lid=LSTCOMG4WZ7FBP4SDAAJQTXR0&marketplace=FLIPKART&q=laptop&store=6bo%2Fb5g&srno=s_1_7&otracker=search&fm=organic&iid=ec0102ae-6e9b-489f-8193-ed4ea6a6aba0.COMG4WZ7FBP4SDAA.SEARCH&ppt=None&ppn=None&ssid=faoogyoe400000001632257583793&qH=312f91285e048e09
Lenovo IdeaPad 3 Core i3 11th Gen - (8 GB/256 GB SSD/Windows 10 Home) 15ITL6 Thin and Light Laptop,4.4,"₹42,490",www.flipkart.com/lenovo-ideapad-3-core-i3-11th-gen-8-gb-256-gb-ssd-windows-10-home-15itl6-thin-light-laptop/p/itm4b58ecc1a12b1?pid=COMG4WZ7URTVTSDR&lid=LSTCOMG4WZ7URTVTSDREFEZ2C&marketplace=FLIPKART&q=laptop&store=6bo%2Fb5g&srno=s_1_8&otracker=search&fm=organic&iid=ec0102ae-6e9b-489f-8193-ed4ea6a6aba0.COMG4WZ7URTVTSDR.SEARCH&ppt=None&ppn=None&ssid=faoogyoe400000001632257583793&qH=312f91285e048e09
DELL Inspiron Ryzen 3 Dual Core 3250U - (8 GB/256 GB SSD/Windows 10) INSPIRON 3505 Laptop,4.1,"₹39,990",www.flipkart.com/dell-inspiron-ryzen-3-dual-core-3250u-8-gb-256-gb-ssd-windows-10-3505-laptop/p/itm38b0fdd717a7b?pid=COMG55HHTU9S3QSK&lid=LSTCOMG55HHTU9S3QSKDZWCUQ&marketplace=FLIPKART&q=laptop&store=6bo%2Fb5g&srno=s_1_9&otracker=search&fm=organic&iid=ec0102ae-6e9b-489f-8193-ed4ea6a6aba0.COMG55HHTU9S3QSK.SEARCH&ppt=None&ppn=None&ssid=faoogyoe400000001632257583793&qH=312f91285e048e09
HP 15-ec1105AX Ryzen 5 Hexa Core 4600H - (8 GB/512 GB SSD/Windows 10 Home/4 GB Graphics/NVIDIA GeForce...,4.5,"₹59,990",www.flipkart.com/hp-15-ec1105ax-ryzen-5-hexa-core-4600h-8-gb-512-gb-ssd-windows-10-home-4-graphics-nvidia-geforce-gtx-1650-gaming-laptop/p/itmf3409b87e17f7?pid=COMG3X8QGJMNXG3R&lid=LSTCOMG3X8QGJMNXG3RO9GEGS&marketplace=FLIPKART&q=laptop&store=6bo%2Fb5g&srno=s_1_10&otracker=search&fm=organic&iid=ec0102ae-6e9b-489f-8193-ed4ea6a6aba0.COMG3X8QGJMNXG3R.SEARCH&ppt=None&ppn=None&ssid=faoogyoe400000001632257583793&qH=312f91285e048e09
HP 15s Core i3 10th Gen - (8 GB/1 TB HDD/Windows 10 Home) 15s-DU1066TU Thin and Light Laptop,4.1,"₹40,990",www.flipkart.com/hp-15s-core-i3-10th-gen-8-gb-1-tb-hdd-windows-10-home-15s-du1066tu-thin-light-laptop/p/itm590da61974293?pid=COMG42P7GJZWUY4Q&lid=LSTCOMG42P7GJZWUY4QIY3HUV&marketplace=FLIPKART&q=laptop&store=6bo%2Fb5g&srno=s_1_11&otracker=search&fm=organic&iid=ec0102ae-6e9b-489f-8193-ed4ea6a6aba0.COMG42P7GJZWUY4Q.SEARCH&ppt=None&ppn=None&ssid=faoogyoe400000001632257583793&qH=312f91285e048e09
Lenovo IdeaPad Core i3 10th Gen - (8 GB/256 GB SSD/Windows 10 Home) 14 IML 05 Thin and Light Laptop,4.2,"₹39,990",www.flipkart.com/lenovo-ideapad-core-i3-10th-gen-8-gb-256-gb-ssd-windows-10-home-14-iml-05-thin-light-laptop/p/itm89999b2b4e72b?pid=COMG3TZGXMYZTWRZ&lid=LSTCOMG3TZGXMYZTWRZPXJHVV&marketplace=FLIPKART&q=laptop&store=6bo%2Fb5g&srno=s_1_12&otracker=search&fm=organic&iid=ec0102ae-6e9b-489f-8193-ed4ea6a6aba0.COMG3TZGXMYZTWRZ.SEARCH&ppt=None&ppn=None&ssid=faoogyoe400000001632257583793&qH=312f91285e048e09
Lenovo APU Dual Core A9 A99425 - (4 GB/1 TB HDD/Windows 10) E41-45 Notebook,4.3,"₹28,000",www.flipkart.com/lenovo-apu-dual-core-a9-a99425-4-gb-1-tb-hdd-windows-10-e41-45-notebook/p/itm133835706fffc?pid=COMG4CRFHWW2WYHY&lid=LSTCOMG4CRFHWW2WYHYVYGVGH&marketplace=FLIPKART&q=laptop&store=6bo%2Fb5g&srno=s_1_13&otracker=search&fm=organic&iid=ec0102ae-6e9b-489f-8193-ed4ea6a6aba0.COMG4CRFHWW2WYHY.SEARCH&ppt=None&ppn=None&ssid=faoogyoe400000001632257583793&qH=312f91285e048e09
HP Ryzen 5 Quad Core 3500U - (8 GB/1 TB HDD/256 GB SSD/Windows 10 Home) 14s-dk0501AU Thin and Light La...,4.4,"₹47,990",www.flipkart.com/hp-ryzen-5-quad-core-3500u-8-gb-1-tb-hdd-256-gb-ssd-windows-10-home-14s-dk0501au-thin-light-laptop/p/itm5f3e2a0c3b7a7?pid=COMG4WRDP5K4GFY6&lid=LSTCOMG4WRDP5K4GFY631UH9D&marketplace=FLIPKART&q=laptop&store=6bo%2Fb5g&srno=s_1_14&otracker=search&fm=organic&iid=ec0102ae-6e9b-489f-8193-ed4ea6a6aba0.COMG4WRDP5K4GFY6.SEARCH&ppt=None&ppn=None&ssid=faoogyoe400000001632257583793&qH=312f91285e048e09
ASUS TUF Gaming F15 Core i5 10th Gen - (8 GB/512 GB SSD/Windows 10 Home/4 GB Graphics/NVIDIA GeForce G...,4.4,"₹61,990",www.flipkart.com/asus-tuf-gaming-f15-core-i5-10th-gen-8-gb-512-gb-ssd-windows-10-home-4-graphics-nvidia-geforce-gtx-1650-144-hz-fx506lh-hn258t-laptop/p/itm834e03127f443?pid=COMGFVWMDZPGK4WR&lid=LSTCOMGFVWMDZPGK4WRWRM8ES&marketplace=FLIPKART&q=laptop&store=6bo%2Fb5g&srno=s_1_15&otracker=search&fm=organic&iid=ec0102ae-6e9b-489f-8193-ed4ea6a6aba0.COMGFVWMDZPGK4WR.SEARCH&ppt=None&ppn=None&ssid=faoogyoe400000001632257583793&qH=312f91285e048e09
acer Aspire 7 Ryzen 5 Hexa Core 5500U - (8 GB/512 GB SSD/Windows 10 Home/4 GB Graphics/NVIDIA GeForce ...,4.5,"₹56,990",www.flipkart.com/acer-aspire-7-ryzen-5-hexa-core-5500u-8-gb-512-gb-ssd-windows-10-home-4-graphics-nvidia-geforce-gtx-1650-a715-42g-gaming-laptop/p/itm4385fddc2c72c?pid=COMGYCG8ZBXWPYUU&lid=LSTCOMGYCG8ZBXWPYUUYQDSM8&marketplace=FLIPKART&q=laptop&store=6bo%2Fb5g&srno=s_1_16&otracker=search&fm=organic&iid=ec0102ae-6e9b-489f-8193-ed4ea6a6aba0.COMGYCG8ZBXWPYUU.SEARCH&ppt=None&ppn=None&ssid=faoogyoe400000001632257583793&qH=312f91285e048e09
ASUS VivoBook Flip Ryzen 5 Hexa Core - (8 GB/512 GB SSD/Windows 10 Home) TM420UA-EC501TS 2 in 1 Laptop,4.4,"₹59,990",www.flipkart.com/asus-vivobook-flip-ryzen-5-hexa-core-8-gb-512-gb-ssd-windows-10-home-tm420ua-ec501ts-2-1-laptop/p/itmc85bf0fd8ef36?pid=COMGF8KSCERA8GDT&lid=LSTCOMGF8KSCERA8GDT6SPIST&marketplace=FLIPKART&q=laptop&store=6bo%2Fb5g&srno=s_1_17&otracker=search&fm=organic&iid=ec0102ae-6e9b-489f-8193-ed4ea6a6aba0.COMGF8KSCERA8GDT.SEARCH&ppt=None&ppn=None&ssid=faoogyoe400000001632257583793&qH=312f91285e048e09
DELL Inspiron Ryzen 5 Hexa Core 5500U - (8 GB/512 GB SSD/Windows 10) Inspiron 5515 Thin and Light Lapt...,4.5,"₹59,490",www.flipkart.com/dell-inspiron-ryzen-5-hexa-core-5500u-8-gb-512-gb-ssd-windows-10-5515-thin-light-laptop/p/itm6900d9527e94d?pid=COMG42UTPPJN9YDZ&lid=LSTCOMG42UTPPJN9YDZ7MQ02G&marketplace=FLIPKART&q=laptop&store=6bo%2Fb5g&srno=s_1_18&otracker=search&fm=organic&iid=ec0102ae-6e9b-489f-8193-ed4ea6a6aba0.COMG42UTPPJN9YDZ.SEARCH&ppt=None&ppn=None&ssid=faoogyoe400000001632257583793&qH=312f91285e048e09
Lenovo IdeaPad 3 Core i3 10th Gen - (8 GB/1 TB HDD/Windows 10 Home) 15IML05 Thin and Light Laptop,4.2,"₹39,990",www.flipkart.com/lenovo-ideapad-3-core-i3-10th-gen-8-gb-1-tb-hdd-windows-10-home-15iml05-thin-light-laptop/p/itm6098abbf35cd9?pid=COMG4WZ7Q2YFJGQ6&lid=LSTCOMG4WZ7Q2YFJGQ6DDUOXH&marketplace=FLIPKART&q=laptop&store=6bo%2Fb5g&srno=s_1_19&otracker=search&fm=organic&iid=ec0102ae-6e9b-489f-8193-ed4ea6a6aba0.COMG4WZ7Q2YFJGQ6.SEARCH&ppt=None&ppn=None&ssid=faoogyoe400000001632257583793&qH=312f91285e048e09
Lenovo IdeaPad Slim 3 (2021) Ryzen 5 Hexa Core 5500U - (8 GB/512 GB SSD/Windows 10 Home) 14 ALC 6 Thin...,4.5,"₹53,990",www.flipkart.com/lenovo-ideapad-slim-3-2021-ryzen-5-hexa-core-5500u-8-gb-512-gb-ssd-windows-10-home-14-alc-6-thin-light-laptop/p/itm5314cbbd67e40?pid=COMG3TZGHGU82UMK&lid=LSTCOMG3TZGHGU82UMK5WIL1V&marketplace=FLIPKART&q=laptop&store=6bo%2Fb5g&srno=s_1_20&otracker=search&fm=organic&iid=ec0102ae-6e9b-489f-8193-ed4ea6a6aba0.COMG3TZGHGU82UMK.SEARCH&ppt=None&ppn=None&ssid=faoogyoe400000001632257583793&qH=312f91285e048e09
ASUS VivoBook Ultra K14 (2021) Core i3 11th Gen - (8 GB/512 GB SSD/Windows 10 Home) K413EA-EB301TS Thi...,4.3,"₹44,990",www.flipkart.com/asus-vivobook-ultra-k14-2021-core-i3-11th-gen-8-gb-512-gb-ssd-windows-10-home-k413ea-eb301ts-thin-light-laptop/p/itmc181188a0cc49?pid=COMG368NTGBC8HVX&lid=LSTCOMG368NTGBC8HVXAANKAG&marketplace=FLIPKART&q=laptop&store=6bo%2Fb5g&srno=s_1_21&otracker=search&fm=organic&iid=ec0102ae-6e9b-489f-8193-ed4ea6a6aba0.COMG368NTGBC8HVX.SEARCH&ppt=None&ppn=None&ssid=faoogyoe400000001632257583793&qH=312f91285e048e09
ASUS Core i3 10th Gen - (8 GB + 32 GB Optane/512 GB SSD/Windows 10 Home) X515JA-EJ362TS Thin and Light...,4.2,"₹41,990",www.flipkart.com/asus-core-i3-10th-gen-8-gb-32-optane-512-ssd-windows-10-home-x515ja-ej362ts-thin-light-laptop/p/itm46eab7cf18da6?pid=COMG4NWBPZNJTN5Y&lid=LSTCOMG4NWBPZNJTN5YLOK08O&marketplace=FLIPKART&q=laptop&store=6bo%2Fb5g&srno=s_1_22&otracker=search&fm=organic&iid=ec0102ae-6e9b-489f-8193-ed4ea6a6aba0.COMG4NWBPZNJTN5Y.SEARCH&ppt=None&ppn=None&ssid=faoogyoe400000001632257583793&qH=312f91285e048e09
Lenovo IdeaPad 3 Core i3 11th Gen - (8 GB/512 GB SSD/Windows 10 Home) 15ITL6 Thin and Light Laptop,4.3,"₹44,490",www.flipkart.com/lenovo-ideapad-3-core-i3-11th-gen-8-gb-512-gb-ssd-windows-10-home-15itl6-thin-light-laptop/p/itm5ffb29affcd67?pid=COMG5EAXKQ7ZH3TY&lid=LSTCOMG5EAXKQ7ZH3TYZBLPPQ&marketplace=FLIPKART&q=laptop&store=6bo%2Fb5g&srno=s_1_23&otracker=search&fm=organic&iid=ec0102ae-6e9b-489f-8193-ed4ea6a6aba0.COMG5EAXKQ7ZH3TY.SEARCH&ppt=None&ppn=None&ssid=faoogyoe400000001632257583793&qH=312f91285e048e09
acer Aspire 7 Core i5 10th Gen - (8 GB/512 GB SSD/Windows 10 Home/4 GB Graphics/NVIDIA GeForce GTX 165...,4.4,"₹56,990",www.flipkart.com/acer-aspire-7-core-i5-10th-gen-8-gb-512-gb-ssd-windows-10-home-4-graphics-nvidia-geforce-gtx-1650-a715-75g-50ta-a715-75g-41g-gaming-laptop/p/itmc97c3da5d2abe?pid=COMG2KBG2K4GFFF7&lid=LSTCOMG2KBG2K4GFFF78YBPHO&marketplace=FLIPKART&q=laptop&store=6bo%2Fb5g&spotlightTagId=BestvalueId_6bo%2Fb5g&srno=s_1_24&otracker=search&fm=organic&iid=ec0102ae-6e9b-489f-8193-ed4ea6a6aba0.COMG2KBG2K4GFFF7.SEARCH&ppt=None&ppn=None&ssid=faoogyoe400000001632257583793&qH=312f91285e048e09
HP 15s Core i3 11th Gen - (8 GB/512 GB SSD/Windows 10 Home) 15s-FQ2072TU Thin and Light Laptop,4.4,"₹45,990",www.flipkart.com/hp-15s-core-i3-11th-gen-8-gb-512-gb-ssd-windows-10-home-15s-fq2072tu-thin-light-laptop/p/itmc1ba70c0282aa?pid=COMGYCG8P7MCYQWH&lid=LSTCOMGYCG8P7MCYQWHMFAABV&marketplace=FLIPKART&q=laptop&store=6bo%2Fb5g&srno=s_2_25&otracker=search&fm=organic&iid=ac66974e-db78-4ba6-b80a-d37ca1a02393.COMGYCG8P7MCYQWH.SEARCH&ppt=None&ppn=None&ssid=heh1wdsckw0000001632257584838&qH=312f91285e048e09
HP Pavilion Ryzen 5 Hexa Core 5600H - (8 GB/512 GB SSD/Windows 10 Home/4 GB Graphics/NVIDIA GeForce GT...,4.5,"₹64,056",www.flipkart.com/hp-pavilion-ryzen-5-hexa-core-5600h-8-gb-512-gb-ssd-windows-10-home-4-graphics-nvidia-geforce-gtx-1650-144-hz-15-ec2004ax-gaming-laptop/p/itm98c94bbf9bc20?pid=COMG5GZXPWMGTNWS&lid=LSTCOMG5GZXPWMGTNWS2SZL9C&marketplace=FLIPKART&q=laptop&store=6bo%2Fb5g&srno=s_2_26&otracker=search&fm=organic&iid=ac66974e-db78-4ba6-b80a-d37ca1a02393.COMG5GZXPWMGTNWS.SEARCH&ppt=None&ppn=None&ssid=heh1wdsckw0000001632257584838&qH=312f91285e048e09
DELL Inspiron Core i5 11th Gen - (8 GB/512 GB SSD/Windows 10) Inspiron 5410 2 in 1 Laptop,4.5,"₹69,990",www.flipkart.com/dell-inspiron-core-i5-11th-gen-8-gb-512-gb-ssd-windows-10-5410-2-1-laptop/p/itm709b47dc9a6f5?pid=COMG42UTJFHDZC9H&lid=LSTCOMG42UTJFHDZC9HMGKOYW&marketplace=FLIPKART&q=laptop&store=6bo%2Fb5g&srno=s_2_27&otracker=search&fm=organic&iid=ac66974e-db78-4ba6-b80a-d37ca1a02393.COMG42UTJFHDZC9H.SEARCH&ppt=None&ppn=None&ssid=heh1wdsckw0000001632257584838&qH=312f91285e048e09
MSI GF65 Thin Hexa Core i5 10th Gen - (16 GB/512 GB SSD/Windows 10 Home/6 GB Graphics/NVIDIA GeForce G...,4.5,"₹74,990",www.flipkart.com/msi-gf65-thin-hexa-core-i5-10th-gen-16-gb-512-gb-ssd-windows-10-home-6-graphics-nvidia-geforce-gtx-1660-ti-144-hz-10sdr-1283in-gaming-laptop/p/itmea725df13b5ce?pid=COMG2HCTK94YJZXG&lid=LSTCOMG2HCTK94YJZXGQ2ZSTI&marketplace=FLIPKART&q=laptop&store=6bo%2Fb5g&srno=s_2_28&otracker=search&fm=organic&iid=ac66974e-db78-4ba6-b80a-d37ca1a02393.COMG2HCTK94YJZXG.SEARCH&ppt=None&ppn=None&ssid=heh1wdsckw0000001632257584838&qH=312f91285e048e09
acer Aspire 5 Core i3 11th Gen - (4 GB/256 GB SSD/Windows 10 Home) A515-56 Thin and Light Laptop,4.3,"₹38,990",www.flipkart.com/acer-aspire-5-core-i3-11th-gen-4-gb-256-gb-ssd-windows-10-home-a515-56-thin-light-laptop/p/itm019d51b4bcbe3?pid=COMG36826UHAD8PW&lid=LSTCOMG36826UHAD8PWLXAIMI&marketplace=FLIPKART&q=laptop&store=6bo%2Fb5g&srno=s_2_29&otracker=search&fm=organic&iid=ac66974e-db78-4ba6-b80a-d37ca1a02393.COMG36826UHAD8PW.SEARCH&ppt=None&ppn=None&ssid=heh1wdsckw0000001632257584838&qH=312f91285e048e09
HP Pavilion Core i5 11th Gen - (16 GB/512 GB SSD/Windows 10 Home) 14-dv0054TU Thin and Light Laptop,4.5,"₹66,990",www.flipkart.com/hp-pavilion-core-i5-11th-gen-16-gb-512-gb-ssd-windows-10-home-14-dv0054tu-thin-light-laptop/p/itm36b7d040b7f87?pid=COMGY8RDNJX8FWGH&lid=LSTCOMGY8RDNJX8FWGHNMQSO2&marketplace=FLIPKART&q=laptop&store=6bo%2Fb5g&srno=s_2_30&otracker=search&fm=organic&iid=ac66974e-db78-4ba6-b80a-d37ca1a02393.COMGY8RDNJX8FWGH.SEARCH&ppt=None&ppn=None&ssid=heh1wdsckw0000001632257584838&qH=312f91285e048e09
MSI GF63 Thin Hexa Core i5 10th Gen - (8 GB/1 TB HDD/256 GB SSD/Windows 10 Home/4 GB Graphics/NVIDIA G...,4.4,"₹59,990",www.flipkart.com/msi-gf63-thin-hexa-core-i5-10th-gen-8-gb-1-tb-hdd-256-gb-ssd-windows-10-home-4-graphics-nvidia-geforce-gtx-1650-max-q-60-hz-10scxr-1616in-10sc-611in-gaming-laptop/p/itmb8888c44a1a68?pid=COMG2K9ZBFJ3ZASR&lid=LSTCOMG2K9ZBFJ3ZASR2MWKVV&marketplace=FLIPKART&q=laptop&store=6bo%2Fb5g&spotlightTagId=BestvalueId_6bo%2Fb5g&srno=s_2_31&otracker=search&fm=organic&iid=ac66974e-db78-4ba6-b80a-d37ca1a02393.COMG2K9ZBFJ3ZASR.SEARCH&ppt=None&ppn=None&ssid=heh1wdsckw0000001632257584838&qH=312f91285e048e09
DELL Inspiron Core i3 11th Gen - (8 GB/256 GB SSD/Windows 10) Inspiron 5410 2 in 1 Laptop,4.3,"₹52,290",www.flipkart.com/dell-inspiron-core-i3-11th-gen-8-gb-256-gb-ssd-windows-10-5410-2-1-laptop/p/itm483eb8e0337e1?pid=COMG4BX9YYXDPWWV&lid=LSTCOMG4BX9YYXDPWWVVCAKMU&marketplace=FLIPKART&q=laptop&store=6bo%2Fb5g&srno=s_2_32&otracker=search&fm=organic&iid=ac66974e-db78-4ba6-b80a-d37ca1a02393.COMG4BX9YYXDPWWV.SEARCH&ppt=None&ppn=None&ssid=heh1wdsckw0000001632257584838&qH=312f91285e048e09
DELL Vostro 3405 Ryzen 5 Quad Core 3450U - (8 GB/256 GB SSD/Windows 10 Home) Vostro 3405 Thin and Ligh...,4.2,"₹45,290",www.flipkart.com/dell-vostro-3405-ryzen-5-quad-core-3450u-8-gb-256-gb-ssd-windows-10-home-thin-light-laptop/p/itmeffa375f0baad?pid=COMFY7GFE7KZHDBG&lid=LSTCOMFY7GFE7KZHDBG3HRWDJ&marketplace=FLIPKART&q=laptop&store=6bo%2Fb5g&srno=s_2_33&otracker=search&fm=organic&iid=ac66974e-db78-4ba6-b80a-d37ca1a02393.COMFY7GFE7KZHDBG.SEARCH&ppt=None&ppn=None&ssid=heh1wdsckw0000001632257584838&qH=312f91285e048e09
Lenovo IdeaPad 3 Celeron Dual Core - (4 GB/256 GB SSD/Windows 10 Home) 15IGL05 Thin and Light Laptop,4.2,"₹35,590",www.flipkart.com/lenovo-ideapad-3-celeron-dual-core-4-gb-256-gb-ssd-windows-10-home-15igl05-thin-light-laptop/p/itm69ca5ad8ac9ae?pid=COMG6AKVSRJAUE92&lid=LSTCOMG6AKVSRJAUE92OGVP0X&marketplace=FLIPKART&q=laptop&store=6bo%2Fb5g&srno=s_2_34&otracker=search&fm=organic&iid=ac66974e-db78-4ba6-b80a-d37ca1a02393.COMG6AKVSRJAUE92.SEARCH&ppt=None&ppn=None&ssid=heh1wdsckw0000001632257584838&qH=312f91285e048e09
HP Ryzen 3 Dual Core 3250U - (8 GB/256 GB SSD/Windows 10 Home) 15s-GY0501AU Thin and Light Laptop,4.3,"₹39,009",www.flipkart.com/hp-ryzen-3-dual-core-3250u-8-gb-256-gb-ssd-windows-10-home-15s-gy0501au-thin-light-laptop/p/itmcc3db7767aba4?pid=COMG6MVEA2PWVH3B&lid=LSTCOMG6MVEA2PWVH3BKQQW7V&marketplace=FLIPKART&q=laptop&store=6bo%2Fb5g&srno=s_2_35&otracker=search&fm=organic&iid=ac66974e-db78-4ba6-b80a-d37ca1a02393.COMG6MVEA2PWVH3B.SEARCH&ppt=None&ppn=None&ssid=heh1wdsckw0000001632257584838&qH=312f91285e048e09
ASUS Core i3 10th Gen - (4 GB + 32 GB Optane/512 GB SSD/Windows 10 Home) X515JA-EJ372TS Thin and Light...,4.2,"₹39,990",www.flipkart.com/asus-core-i3-10th-gen-4-gb-32-optane-512-ssd-windows-10-home-x515ja-ej372ts-thin-light-laptop/p/itm34fbeeeb597df?pid=COMG4NWB3XBJKPZ8&lid=LSTCOMG4NWB3XBJKPZ8D9VIVE&marketplace=FLIPKART&q=laptop&store=6bo%2Fb5g&srno=s_2_36&otracker=search&fm=organic&iid=ac66974e-db78-4ba6-b80a-d37ca1a02393.COMG4NWB3XBJKPZ8.SEARCH&ppt=None&ppn=None&ssid=heh1wdsckw0000001632257584838&qH=312f91285e048e09
HP Core i5 11th Gen - (8 GB + 32 GB Optane/512 GB SSD/Windows 10 Home) 15s-FQ2071TU Thin and Light Lap...,4.4,"₹56,175",www.flipkart.com/hp-core-i5-11th-gen-8-gb-32-optane-512-ssd-windows-10-home-15s-fq2071tu-thin-light-laptop/p/itmde195b619beee?pid=COMGYSSUDKJKWFES&lid=LSTCOMGYSSUDKJKWFESCWDOWX&marketplace=FLIPKART&q=laptop&store=6bo%2Fb5g&srno=s_2_37&otracker=search&fm=organic&iid=ac66974e-db78-4ba6-b80a-d37ca1a02393.COMGYSSUDKJKWFES.SEARCH&ppt=None&ppn=None&ssid=heh1wdsckw0000001632257584838&qH=312f91285e048e09
DELL Inspiron Core i5 11th Gen - (8 GB/1 TB HDD/256 GB SSD/Windows 10) INSPIRON 3501 Thin and Light La...,4.4,"₹59,290",www.flipkart.com/dell-inspiron-core-i5-11th-gen-8-gb-1-tb-hdd-256-gb-ssd-windows-10-3501-thin-light-laptop/p/itme74e1f518ec5c?pid=COMG2GXQA9GG4CRA&lid=LSTCOMG2GXQA9GG4CRACBKRU1&marketplace=FLIPKART&q=laptop&store=6bo%2Fb5g&srno=s_2_38&otracker=search&fm=organic&iid=ac66974e-db78-4ba6-b80a-d37ca1a02393.COMG2GXQA9GG4CRA.SEARCH&ppt=None&ppn=None&ssid=heh1wdsckw0000001632257584838&qH=312f91285e048e09
RedmiBook 15 e-Learning Edition Core i3 11th Gen - (8 GB/256 GB SSD/Windows 10 Home) Thin and Light La...,4.4,"₹41,999",www.flipkart.com/redmibook-15-e-learning-core-i3-11th-gen-8-gb-256-gb-ssd-windows-10-home-thin-light-laptop/p/itm355fa6b264bbb?pid=COMG4Z35GKZTRDSF&lid=LSTCOMG4Z35GKZTRDSFFNBHAW&marketplace=FLIPKART&q=laptop&store=6bo%2Fb5g&srno=s_2_39&otracker=search&fm=organic&iid=ac66974e-db78-4ba6-b80a-d37ca1a02393.COMG4Z35GKZTRDSF.SEARCH&ppt=None&ppn=None&ssid=heh1wdsckw0000001632257584838&qH=312f91285e048e09
Lenovo Ideapad Gaming 3 Ryzen 5 Hexa Core 4600H - (8 GB/1 TB HDD/256 GB SSD/Windows 10 Home/4 GB Graph...,4.4,"₹62,990",www.flipkart.com/lenovo-ideapad-gaming-3-ryzen-5-hexa-core-4600h-8-gb-1-tb-hdd-256-gb-ssd-windows-10-home-4-graphics-nvidia-geforce-gtx-1650-120-hz-15arh05-laptop/p/itm5bebf27dba264?pid=COMG36BSYCJQMNSW&lid=LSTCOMG36BSYCJQMNSWZFTKI7&marketplace=FLIPKART&q=laptop&store=6bo%2Fb5g&srno=s_2_40&otracker=search&fm=organic&iid=ac66974e-db78-4ba6-b80a-d37ca1a02393.COMG36BSYCJQMNSW.SEARCH&ppt=None&ppn=None&ssid=heh1wdsckw0000001632257584838&qH=312f91285e048e09
Lenovo ThinkPad E14 Gen2 Ryzen 5 Hexa Core 4650U 5th Gen - (8 GB/256 GB SSD/Windows 10 Home) E14 Lapto...,4.8,"₹53,990",www.flipkart.com/lenovo-thinkpad-e14-gen2-ryzen-5-hexa-core-4650u-5th-gen-8-gb-256-gb-ssd-windows-10-home-laptop/p/itma57c02bad3347?pid=COMG28FUNHEKGFYT&lid=LSTCOMG28FUNHEKGFYTFU52TM&marketplace=FLIPKART&q=laptop&store=6bo%2Fb5g&srno=s_2_41&otracker=search&fm=organic&iid=ac66974e-db78-4ba6-b80a-d37ca1a02393.COMG28FUNHEKGFYT.SEARCH&ppt=None&ppn=None&ssid=heh1wdsckw0000001632257584838&qH=312f91285e048e09
ASUS VivoBook Ultra 14 Core i5 10th Gen - (8 GB + 32 GB Optane/512 GB SSD/Windows 10 Home/2 GB Graphic...,4.3,"₹57,940",www.flipkart.com/asus-vivobook-ultra-14-core-i5-10th-gen-8-gb-32-optane-512-ssd-windows-10-home-2-graphics-x413jp-eb522ts-thin-light-laptop/p/itm78a0fd5bd40eb?pid=COMG3682TCWNSGHZ&lid=LSTCOMG3682TCWNSGHZVFRC9G&marketplace=FLIPKART&q=laptop&store=6bo%2Fb5g&srno=s_2_42&otracker=search&fm=organic&iid=ac66974e-db78-4ba6-b80a-d37ca1a02393.COMG3682TCWNSGHZ.SEARCH&ppt=None&ppn=None&ssid=heh1wdsckw0000001632257584838&qH=312f91285e048e09
Lenovo IdeaPad 3 Core i3 10th Gen - (8 GB/256 GB SSD/Windows 10 Home) 15IML05 Thin and Light Laptop,4.3,"₹39,990",www.flipkart.com/lenovo-ideapad-3-core-i3-10th-gen-8-gb-256-gb-ssd-windows-10-home-15iml05-thin-light-laptop/p/itmebab7021d97d6?pid=COMG6AKVAHWTHAQG&lid=LSTCOMG6AKVAHWTHAQGXUICJF&marketplace=FLIPKART&q=laptop&store=6bo%2Fb5g&srno=s_2_43&otracker=search&fm=organic&iid=ac66974e-db78-4ba6-b80a-d37ca1a02393.COMG6AKVAHWTHAQG.SEARCH&ppt=None&ppn=None&ssid=heh1wdsckw0000001632257584838&qH=312f91285e048e09
HP Pavilion Ryzen 7 Octa Core 5800H - (16 GB/512 GB SSD/Windows 10 Home/4 GB Graphics/NVIDIA GeForce R...,4.3,"₹89,990",www.flipkart.com/hp-pavilion-ryzen-7-octa-core-5800h-16-gb-512-gb-ssd-windows-10-home-4-graphics-nvidia-geforce-rtx-3050-144-hz-15-ec2076ax-gaming-laptop/p/itm9f179974f11d1?pid=COMG4NHNCTUAHD3Y&lid=LSTCOMG4NHNCTUAHD3YRQU1SQ&marketplace=FLIPKART&q=laptop&store=6bo%2Fb5g&srno=s_2_44&otracker=search&fm=organic&iid=ac66974e-db78-4ba6-b80a-d37ca1a02393.COMG4NHNCTUAHD3Y.SEARCH&ppt=None&ppn=None&ssid=heh1wdsckw0000001632257584838&qH=312f91285e048e09
HP 15s Ryzen 3 Dual Core 3250U - (8 GB/1 TB HDD/256 GB SSD/Windows 10 Home) 15s-GR0012AU Laptop,4.2,"₹43,499",www.flipkart.com/hp-15s-ryzen-3-dual-core-3250u-8-gb-1-tb-hdd-256-gb-ssd-windows-10-home-15s-gr0012au-laptop/p/itm9e1f8deeed35f?pid=COMFZHFWBE7APPH2&lid=LSTCOMFZHFWBE7APPH2PLTTEQ&marketplace=FLIPKART&q=laptop&store=6bo%2Fb5g&srno=s_2_45&otracker=search&fm=organic&iid=ac66974e-db78-4ba6-b80a-d37ca1a02393.COMFZHFWBE7APPH2.SEARCH&ppt=None&ppn=None&ssid=heh1wdsckw0000001632257584838&qH=312f91285e048e09
ASUS VivoBook Ultra 14 Core i3 10th Gen - (4 GB/512 GB SSD/Windows 10 Home) X413JA-EK261T||X413JA-EB30...,4.2,"₹41,990",www.flipkart.com/asus-vivobook-ultra-14-core-i3-10th-gen-4-gb-512-gb-ssd-windows-10-home-x413ja-ek261t-x413ja-eb301t-thin-light-laptop/p/itm83d873e5d9f0e?pid=COMFTWZDH2MFZRHG&lid=LSTCOMFTWZDH2MFZRHGYWACBZ&marketplace=FLIPKART&q=laptop&store=6bo%2Fb5g&srno=s_2_46&otracker=search&fm=organic&iid=ac66974e-db78-4ba6-b80a-d37ca1a02393.COMFTWZDH2MFZRHG.SEARCH&ppt=None&ppn=None&ssid=heh1wdsckw0000001632257584838&qH=312f91285e048e09
HP 15s Ryzen 5 Quad Core 3500U - (8 GB/512 GB SSD/Windows 10 Home) 15s-gr0500AU Thin and Light Laptop,5,"₹47,990",www.flipkart.com/hp-15s-ryzen-5-quad-core-3500u-8-gb-512-gb-ssd-windows-10-home-15s-gr0500au-thin-light-laptop/p/itma452ab7d98967?pid=COMG4ZYHDHHGFN9E&lid=LSTCOMG4ZYHDHHGFN9EWYZU6X&marketplace=FLIPKART&q=laptop&store=6bo%2Fb5g&srno=s_2_47&otracker=search&fm=organic&iid=ac66974e-db78-4ba6-b80a-d37ca1a02393.COMG4ZYHDHHGFN9E.SEARCH&ppt=None&ppn=None&ssid=heh1wdsckw0000001632257584838&qH=312f91285e048e09
ASUS Core i5 10th Gen - (8 GB + 32 GB Optane/512 GB SSD/Windows 10 Home) X515JA-EJ562TS Thin and Light...,4,"₹53,990",www.flipkart.com/asus-core-i5-10th-gen-8-gb-32-optane-512-ssd-windows-10-home-x515ja-ej562ts-thin-light-laptop/p/itm03735107a064b?pid=COMG4NWBKRFZ5VFK&lid=LSTCOMG4NWBKRFZ5VFKLJDR3T&marketplace=FLIPKART&q=laptop&store=6bo%2Fb5g&srno=s_2_48&otracker=search&fm=organic&iid=ac66974e-db78-4ba6-b80a-d37ca1a02393.COMG4NWBKRFZ5VFK.SEARCH&ppt=None&ppn=None&ssid=heh1wdsckw0000001632257584838&qH=312f91285e048e09
ASUS TUF Gaming A17 (2021) Ryzen 7 Octa Core 5800H - (16 GB/1 TB SSD/Windows 10 Home/6 GB Graphics/NVI...,4.6,"₹1,19,990",www.flipkart.com/asus-tuf-gaming-a17-2021-ryzen-7-octa-core-5800h-16-gb-1-tb-ssd-windows-10-home-6-gb-graphics-nvidia-geforce-rtx-3060-144-hz-fa766qm-hx059ts-laptop/p/itm4700389e36a6a?pid=COMG3ZF8KB27WMD6&lid=LSTCOMG3ZF8KB27WMD6V4RR3Z&marketplace=FLIPKART&q=laptop&store=6bo%2Fb5g&srno=s_3_49&otracker=search&fm=organic&iid=0de843e8-9365-4a17-a43d-f5a75de475db.COMG3ZF8KB27WMD6.SEARCH&ppt=None&ppn=None&ssid=5kdxwx7te80000001632257586171&qH=312f91285e048e09
Lenovo Ideapad Gaming 3 Ryzen 5 Hexa Core 4600H - (8 GB/1 TB HDD/Windows 10 Home/4 GB Graphics/NVIDIA ...,4.3,"₹57,990",www.flipkart.com/lenovo-ideapad-gaming-3-ryzen-5-hexa-core-4600h-8-gb-1-tb-hdd-windows-10-home-4-gb-graphics-nvidia-geforce-gtx-1650-60-hz-15arh05-laptop/p/itm64d83a7c01261?pid=COMG3HHRTM3YFGTU&lid=LSTCOMG3HHRTM3YFGTU3SQHHJ&marketplace=FLIPKART&q=laptop&store=6bo%2Fb5g&spotlightTagId=BestvalueId_6bo%2Fb5g&srno=s_3_50&otracker=search&fm=organic&iid=0de843e8-9365-4a17-a43d-f5a75de475db.COMG3HHRTM3YFGTU.SEARCH&ppt=None&ppn=None&ssid=5kdxwx7te80000001632257586171&qH=312f91285e048e09
ASUS ASUS TUF Gaming Core i5 10th Gen - (16 GB/512 GB SSD/Windows 10 Home/4 GB Graphics/NVIDIA GeForce...,4.8,"₹68,990",www.flipkart.com/asus-tuf-gaming-core-i5-10th-gen-16-gb-512-gb-ssd-windows-10-home-4-graphics-nvidia-geforce-gtx-1650-ti-144-hz-fx506li-hn279t-laptop/p/itm8bdedba0dbeb6?pid=COMG5QHNHD49JGXG&lid=LSTCOMG5QHNHD49JGXGD2WAFT&marketplace=FLIPKART&q=laptop&store=6bo%2Fb5g&srno=s_3_51&otracker=search&fm=organic&iid=0de843e8-9365-4a17-a43d-f5a75de475db.COMG5QHNHD49JGXG.SEARCH&ppt=None&ppn=None&ssid=5kdxwx7te80000001632257586171&qH=312f91285e048e09
HP Core i3 10th Gen - (8 GB/512 GB SSD/Windows 10 Home) 15s-DU1516TU Thin and Light Laptop,4.4,"₹42,990",www.flipkart.com/hp-core-i3-10th-gen-8-gb-512-gb-ssd-windows-10-home-15s-du1516tu-thin-light-laptop/p/itm38ece5faec105?pid=COMG442GHMXS9YNX&lid=LSTCOMG442GHMXS9YNXQQS76X&marketplace=FLIPKART&q=laptop&store=6bo%2Fb5g&srno=s_3_52&otracker=search&fm=organic&iid=0de843e8-9365-4a17-a43d-f5a75de475db.COMG442GHMXS9YNX.SEARCH&ppt=None&ppn=None&ssid=5kdxwx7te80000001632257586171&qH=312f91285e048e09
Lenovo Ideapad Slim 3i (2021) Core i5 11th Gen - (8 GB/512 GB SSD/Windows 10 Home) IdeaPad 3 15ITL6 Th...,4.2,"₹56,990",www.flipkart.com/lenovo-ideapad-slim-3i-2021-core-i5-11th-gen-8-gb-512-gb-ssd-windows-10-home-3-15itl6-thin-light-laptop/p/itmca15396cae957?pid=COMG3HHRB9XAAGZ7&lid=LSTCOMG3HHRB9XAAGZ7OUPHSL&marketplace=FLIPKART&q=laptop&store=6bo%2Fb5g&srno=s_3_53&otracker=search&fm=organic&iid=0de843e8-9365-4a17-a43d-f5a75de475db.COMG3HHRB9XAAGZ7.SEARCH&ppt=None&ppn=None&ssid=5kdxwx7te80000001632257586171&qH=312f91285e048e09
HP Pavilion Ryzen 7 Octa Core 5700U - (16 GB/512 GB SSD/Windows 10 Home/2 GB Graphics) 14-EC0007AX Thi...,4.2,"₹76,009",www.flipkart.com/hp-pavilion-ryzen-7-octa-core-5700u-16-gb-512-gb-ssd-windows-10-home-2-graphics-14-ec0007ax-thin-light-laptop/p/itmaf688138c49db?pid=COMG6TE7RZEMUCPB&lid=LSTCOMG6TE7RZEMUCPBPI4V0V&marketplace=FLIPKART&q=laptop&store=6bo%2Fb5g&srno=s_3_54&otracker=search&fm=organic&iid=0de843e8-9365-4a17-a43d-f5a75de475db.COMG6TE7RZEMUCPB.SEARCH&ppt=None&ppn=None&ssid=5kdxwx7te80000001632257586171&qH=312f91285e048e09
Lenovo Ideapad Slim 3i Core i5 10th Gen - (8 GB/512 GB SSD/Windows 10 Home) 15IIL05 Thin and Light Lap...,4.7,"₹50,990",www.flipkart.com/lenovo-ideapad-slim-3i-core-i5-10th-gen-8-gb-512-gb-ssd-windows-10-home-15iil05-thin-light-laptop/p/itm347e5fec3ad3a?pid=COMFY6FKMWV9KHFG&lid=LSTCOMFY6FKMWV9KHFGHSYAGV&marketplace=FLIPKART&q=laptop&store=6bo%2Fb5g&srno=s_3_55&otracker=search&fm=organic&iid=0de843e8-9365-4a17-a43d-f5a75de475db.COMFY6FKMWV9KHFG.SEARCH&ppt=None&ppn=None&ssid=5kdxwx7te80000001632257586171&qH=312f91285e048e09
APPLE MacBook Air M1 - (8 GB/256 GB SSD/Mac OS Big Sur) MGN63HN/A,4.5,"₹88,990",www.flipkart.com/apple-macbook-air-m1-8-gb-256-gb-ssd-mac-os-big-sur-mgn63hn-a/p/itmde54f026889ce?pid=COMFXEKMGNHZYFH9&lid=LSTCOMFXEKMGNHZYFH9EOWT4E&marketplace=FLIPKART&q=laptop&store=6bo%2Fb5g&srno=s_3_56&otracker=search&fm=organic&iid=0de843e8-9365-4a17-a43d-f5a75de475db.COMFXEKMGNHZYFH9.SEARCH&ppt=None&ppn=None&ssid=5kdxwx7te80000001632257586171&qH=312f91285e048e09
HP Pavilion Core i5 10th Gen - (8 GB/1 TB HDD/256 GB SSD/Windows 10 Home/4 GB Graphics/NVIDIA GeForce ...,4.1,"₹69,990",www.flipkart.com/hp-pavilion-core-i5-10th-gen-8-gb-1-tb-hdd-256-gb-ssd-windows-10-home-4-graphics-nvidia-geforce-gtx-1650ti-144-hz-15-dk1514tx-gaming-laptop/p/itm1a70377701e84?pid=COMG62F8W3ZTQ7HC&lid=LSTCOMG62F8W3ZTQ7HCBKCOHL&marketplace=FLIPKART&q=laptop&store=6bo%2Fb5g&srno=s_3_57&otracker=search&fm=organic&iid=0de843e8-9365-4a17-a43d-f5a75de475db.COMG62F8W3ZTQ7HC.SEARCH&ppt=None&ppn=None&ssid=5kdxwx7te80000001632257586171&qH=312f91285e048e09
ASUS ROG Strix G15 Core i7 10th Gen - (16 GB/512 GB SSD/Windows 10 Home/4 GB Graphics/NVIDIA GeForce G...,5,"₹84,990",www.flipkart.com/asus-rog-strix-g15-core-i7-10th-gen-16-gb-512-gb-ssd-windows-10-home-4-graphics-nvidia-geforce-gtx-1650-ti-144-hz-g512li-hn279t-gaming-laptop/p/itma07f04b5b0ed7?pid=COMGFVWMC5ZNMYG7&lid=LSTCOMGFVWMC5ZNMYG7SAYUAK&marketplace=FLIPKART&q=laptop&store=6bo%2Fb5g&spotlightTagId=BestvalueId_6bo%2Fb5g&srno=s_3_58&otracker=search&fm=organic&iid=0de843e8-9365-4a17-a43d-f5a75de475db.COMGFVWMC5ZNMYG7.SEARCH&ppt=None&ppn=None&ssid=5kdxwx7te80000001632257586171&qH=312f91285e048e09
HP 15s Core i3 11th Gen - (8 GB/1 TB HDD/Windows 10 Home) 15s-dy3001TU Thin and Light Laptop,4.7,"₹41,990",www.flipkart.com/hp-15s-core-i3-11th-gen-8-gb-1-tb-hdd-windows-10-home-15s-dy3001tu-thin-light-laptop/p/itmb9dd7dc8bf712?pid=COMGYZPAMNSCMYFZ&lid=LSTCOMGYZPAMNSCMYFZKI1B9J&marketplace=FLIPKART&q=laptop&store=6bo%2Fb5g&srno=s_3_59&otracker=search&fm=organic&iid=0de843e8-9365-4a17-a43d-f5a75de475db.COMGYZPAMNSCMYFZ.SEARCH&ppt=None&ppn=None&ssid=5kdxwx7te80000001632257586171&qH=312f91285e048e09
HP Pavilion Ryzen 5 Hexa Core 5500U - (16 GB/512 GB SSD/Windows 10 Home) 15-eh1103AU Thin and Light La...,4.1,"₹65,090",www.flipkart.com/hp-pavilion-ryzen-5-hexa-core-5500u-16-gb-512-gb-ssd-windows-10-home-15-eh1103au-thin-light-laptop/p/itme6c55aa1ab4b8?pid=COMG67BXVVFDP5Q8&lid=LSTCOMG67BXVVFDP5Q8RLXNA3&marketplace=FLIPKART&q=laptop&store=6bo%2Fb5g&srno=s_3_60&otracker=search&fm=organic&iid=0de843e8-9365-4a17-a43d-f5a75de475db.COMG67BXVVFDP5Q8.SEARCH&ppt=None&ppn=None&ssid=5kdxwx7te80000001632257586171&qH=312f91285e048e09
HP OMEN 15 Ryzen 7 Octa Core 5800H - (16 GB/1 TB SSD/Windows 10 Home/6 GB Graphics/NVIDIA GeForce RTX ...,4.6,"₹1,29,990",www.flipkart.com/hp-omen-15-ryzen-7-octa-core-5800h-16-gb-1-tb-ssd-windows-10-home-6-gb-graphics-nvidia-geforce-rtx-3060-144-hz-15-en1036ax-gaming-laptop/p/itm5ff45c4c413c1?pid=COMG3US8DRUGZHED&lid=LSTCOMG3US8DRUGZHEDDMGHTA&marketplace=FLIPKART&q=laptop&store=6bo%2Fb5g&srno=s_3_61&otracker=search&fm=organic&iid=0de843e8-9365-4a17-a43d-f5a75de475db.COMG3US8DRUGZHED.SEARCH&ppt=None&ppn=None&ssid=5kdxwx7te80000001632257586171&qH=312f91285e048e09
Lenovo Ideapad Slim 5i Core i5 11th Gen - (8 GB/1 TB HDD/256 GB SSD/Windows 10 Home) 15 ITL 05 Thin an...,4.5,"₹60,990",www.flipkart.com/lenovo-ideapad-slim-5i-core-i5-11th-gen-8-gb-1-tb-hdd-256-gb-ssd-windows-10-home-15-itl-05-thin-light-laptop/p/itma7e9f12adc524?pid=COMG3TZGKFNV9U3M&lid=LSTCOMG3TZGKFNV9U3MPAI1VV&marketplace=FLIPKART&q=laptop&store=6bo%2Fb5g&srno=s_3_62&otracker=search&fm=organic&iid=0de843e8-9365-4a17-a43d-f5a75de475db.COMG3TZGKFNV9U3M.SEARCH&ppt=None&ppn=None&ssid=5kdxwx7te80000001632257586171&qH=312f91285e048e09
ASUS ROG Strix G15 (2021) Ryzen 9 Octa Core R9-5900HX - (16 GB/1 TB SSD/Windows 10 Home/4 GB Graphics/...,4.3,"₹1,02,990",www.flipkart.com/asus-rog-strix-g15-2021-ryzen-9-octa-core-r9-5900hx-16-gb-1-tb-ssd-windows-10-home-4-gb-graphics-nvidia-geforce-rtx-3050-144-hz-g513qc-hn126t-gaming-laptop/p/itm313bd360b7ee4?pid=COMG4XXAYZKXZNK8&lid=LSTCOMG4XXAYZKXZNK8EYWW6S&marketplace=FLIPKART&q=laptop&store=6bo%2Fb5g&srno=s_3_63&otracker=search&fm=organic&iid=0de843e8-9365-4a17-a43d-f5a75de475db.COMG4XXAYZKXZNK8.SEARCH&ppt=None&ppn=None&ssid=5kdxwx7te80000001632257586171&qH=312f91285e048e09
HP Pavilion Gaming Ryzen 7 Octa Core 4800H - (16 GB/1 TB HDD/256 GB SSD/Windows 10 Home/4 GB Graphics/...,4.3,"₹80,990",www.flipkart.com/hp-pavilion-gaming-ryzen-7-octa-core-4800h-16-gb-1-tb-hdd-256-gb-ssd-windows-10-home-4-graphics-nvidia-geforce-1650ti-144-hz-15-ec1512ax-laptop/p/itmc86ddf2406f18?pid=COMG329PDCH8B6RE&lid=LSTCOMG329PDCH8B6REYJ7KNF&marketplace=FLIPKART&q=laptop&store=6bo%2Fb5g&srno=s_3_64&otracker=search&fm=organic&iid=0de843e8-9365-4a17-a43d-f5a75de475db.COMG329PDCH8B6RE.SEARCH&ppt=None&ppn=None&ssid=5kdxwx7te80000001632257586171&qH=312f91285e048e09
MSI GF65 Thin Core i7 10th Gen - (16 GB/1 TB SSD/Windows 10 Home/6 GB Graphics/NVIDIA GeForce RTX 3060...,4.3,"₹1,09,990",www.flipkart.com/msi-gf65-thin-core-i7-10th-gen-16-gb-1-tb-ssd-windows-10-home-6-gb-graphics-nvidia-geforce-rtx-3060-144-hz-10ue-410in-gaming-laptop/p/itm4883b261a85ea?pid=COMG5AWTPR8FHHVA&lid=LSTCOMG5AWTPR8FHHVA3RS2YB&marketplace=FLIPKART&q=laptop&store=6bo%2Fb5g&srno=s_3_65&otracker=search&fm=organic&iid=0de843e8-9365-4a17-a43d-f5a75de475db.COMG5AWTPR8FHHVA.SEARCH&ppt=None&ppn=None&ssid=5kdxwx7te80000001632257586171&qH=312f91285e048e09
ASUS ROG Strix Ryzen 7 Octa Core 4800H - (8 GB/512 GB SSD/Windows 10 Home/4 GB Graphics/NVIDIA GeForce...,4.2,"₹82,990",www.flipkart.com/asus-rog-strix-ryzen-7-octa-core-4800h-8-gb-512-gb-ssd-windows-10-home-4-graphics-nvidia-geforce-rtx-3050-g513ic-hn025t-gaming-laptop/p/itmeedb79f5305af?pid=COMG5QHNVRJHHMRP&lid=LSTCOMG5QHNVRJHHMRPIW3AYH&marketplace=FLIPKART&q=laptop&store=6bo%2Fb5g&srno=s_3_66&otracker=search&fm=organic&iid=0de843e8-9365-4a17-a43d-f5a75de475db.COMG5QHNVRJHHMRP.SEARCH&ppt=None&ppn=None&ssid=5kdxwx7te80000001632257586171&qH=312f91285e048e09
ASUS VivoBook Ultra K14 (2021) Core i3 11th Gen - (8 GB/512 GB SSD/Windows 10 Home) K413EA-EB302TS Thi...,4.4,"₹48,990",www.flipkart.com/asus-vivobook-ultra-k14-2021-core-i3-11th-gen-8-gb-512-gb-ssd-windows-10-home-k413ea-eb302ts-thin-light-laptop/p/itmedd714099c020?pid=COMG3682UZ7FGXP3&lid=LSTCOMG3682UZ7FGXP33BEIA1&marketplace=FLIPKART&q=laptop&store=6bo%2Fb5g&srno=s_3_67&otracker=search&fm=organic&iid=0de843e8-9365-4a17-a43d-f5a75de475db.COMG3682UZ7FGXP3.SEARCH&ppt=None&ppn=None&ssid=5kdxwx7te80000001632257586171&qH=312f91285e048e09
DELL Inspiron Core i5 11th Gen - (4 GB/1 TB HDD/256 GB SSD/Windows 10 Home) Inspiron 3501 Thin and Lig...,5,"₹54,990",www.flipkart.com/dell-inspiron-core-i5-11th-gen-4-gb-1-tb-hdd-256-gb-ssd-windows-10-home-3501-thin-light-laptop/p/itm655be1072a0ad?pid=COMGYCG8C22EPEA2&lid=LSTCOMGYCG8C22EPEA2A0A2NR&marketplace=FLIPKART&q=laptop&store=6bo%2Fb5g&srno=s_3_68&otracker=search&fm=organic&iid=0de843e8-9365-4a17-a43d-f5a75de475db.COMGYCG8C22EPEA2.SEARCH&ppt=None&ppn=None&ssid=5kdxwx7te80000001632257586171&qH=312f91285e048e09
HP Pavilion Core i5 11th Gen - (16 GB/512 GB SSD/Windows 10 Home/2 GB Graphics) 14-dv0084TX Thin and L...,4,"₹71,990",www.flipkart.com/hp-pavilion-core-i5-11th-gen-16-gb-512-gb-ssd-windows-10-home-2-graphics-14-dv0084tx-thin-light-laptop/p/itm3aa2cc39d6b9a?pid=COMGYZD7N5ZNGVHN&lid=LSTCOMGYZD7N5ZNGVHNBAYZPL&marketplace=FLIPKART&q=laptop&store=6bo%2Fb5g&srno=s_3_69&otracker=search&fm=organic&iid=0de843e8-9365-4a17-a43d-f5a75de475db.COMGYZD7N5ZNGVHN.SEARCH&ppt=None&ppn=None&ssid=5kdxwx7te80000001632257586171&qH=312f91285e048e09
Lenovo ThinkPad E15 Core i7 11th Gen - (16 GB/512 GB SSD/Windows 10 Home/2 GB Graphics) E15 Laptop,4.7,"₹99,990",www.flipkart.com/lenovo-thinkpad-e15-core-i7-11th-gen-16-gb-512-gb-ssd-windows-10-home-2-graphics-laptop/p/itmbd6af60f264bb?pid=COMG3D7CZG7SQFZY&lid=LSTCOMG3D7CZG7SQFZYTEMIIK&marketplace=FLIPKART&q=laptop&store=6bo%2Fb5g&srno=s_3_70&otracker=search&fm=organic&iid=0de843e8-9365-4a17-a43d-f5a75de475db.COMG3D7CZG7SQFZY.SEARCH&ppt=None&ppn=None&ssid=5kdxwx7te80000001632257586171&qH=312f91285e048e09
Lenovo Lenovo Legion Ryzen 7 Octa Core 5800H - (16 GB/512 GB SSD/Windows 10 Home/4 GB Graphics/NVIDIA ...,4,"₹1,09,990",www.flipkart.com/lenovo-legion-ryzen-7-octa-core-5800h-16-gb-512-gb-ssd-windows-10-home-4-graphics-nvidia-geforce-rtx-3050-ti-legion5-15ach6-gaming-laptop/p/itm8d5541d7bbc3f?pid=COMG5UZBDPTFK2FZ&lid=LSTCOMG5UZBDPTFK2FZOQ2DKD&marketplace=FLIPKART&q=laptop&store=6bo%2Fb5g&srno=s_3_71&otracker=search&fm=organic&iid=0de843e8-9365-4a17-a43d-f5a75de475db.COMG5UZBDPTFK2FZ.SEARCH&ppt=None&ppn=None&ssid=5kdxwx7te80000001632257586171&qH=312f91285e048e09
Lenovo IdeaPad Gaming 3 Core i5 10th Gen - (8 GB/1 TB HDD/256 GB SSD/Windows 10 Home/4 GB Graphics/NVI...,4,"₹63,990",www.flipkart.com/lenovo-ideapad-gaming-3-core-i5-10th-gen-8-gb-1-tb-hdd-256-gb-ssd-windows-10-home-4-graphics-nvidia-geforce-gtx-1650-120-hz-15imh05-laptop/p/itm6e7a7dd6969e6?pid=COMG36BSGU46YWAX&lid=LSTCOMG36BSGU46YWAX4HBLZO&marketplace=FLIPKART&q=laptop&store=6bo%2Fb5g&srno=s_3_72&otracker=search&fm=organic&iid=0de843e8-9365-4a17-a43d-f5a75de475db.COMG36BSGU46YWAX.SEARCH&ppt=None&ppn=None&ssid=5kdxwx7te80000001632257586171&qH=312f91285e048e09
HP 15s Ryzen 3 Dual Core 3250U - (8 GB/1 TB HDD/Windows 10 Home) 15s-GR0011AU Thin and Light Laptop,4.2,"₹38,490",www.flipkart.com/hp-15s-ryzen-3-dual-core-3250u-8-gb-1-tb-hdd-windows-10-home-15s-gr0011au-thin-light-laptop/p/itma23a328a1f458?pid=COMFZHFWETTEFHVZ&lid=LSTCOMFZHFWETTEFHVZRIU0HU&marketplace=FLIPKART&q=laptop&store=6bo%2Fb5g&srno=s_4_73&otracker=search&fm=organic&iid=877f9bc6-b44a-4e1d-81ab-e56a2e300c50.COMFZHFWETTEFHVZ.SEARCH&ppt=None&ppn=None&ssid=uxb6p9w43k0000001632257587295&qH=312f91285e048e09
Lenovo Legion Core i5 9th Gen - (8 GB/1 TB HDD/256 GB SSD/Windows 10 Home/4 GB Graphics) Y540-15IRH-PG...,4.2,"₹59,990",www.flipkart.com/lenovo-legion-core-i5-9th-gen-8-gb-1-tb-hdd-256-gb-ssd-windows-10-home-4-graphics-y540-15irh-pg0-laptop/p/itma9b76ed1e879a?pid=COMG26R93HDJYBT5&lid=LSTCOMG26R93HDJYBT5HNML0N&marketplace=FLIPKART&q=laptop&store=6bo%2Fb5g&srno=s_4_74&otracker=search&fm=organic&iid=877f9bc6-b44a-4e1d-81ab-e56a2e300c50.COMG26R93HDJYBT5.SEARCH&ppt=None&ppn=None&ssid=uxb6p9w43k0000001632257587295&qH=312f91285e048e09
DELL Inspiron Core i5 11th Gen - (8 GB/1 TB HDD/256 GB SSD/Windows 10/2 GB Graphics) INSPIRON 3501 Thi...,4.3,"₹65,290",www.flipkart.com/dell-inspiron-core-i5-11th-gen-8-gb-1-tb-hdd-256-gb-ssd-windows-10-2-graphics-3501-thin-light-laptop/p/itm19ebc4cff85c3?pid=COMG2GXQZHYEFQG7&lid=LSTCOMG2GXQZHYEFQG7WO3L9U&marketplace=FLIPKART&q=laptop&store=6bo%2Fb5g&srno=s_4_75&otracker=search&fm=organic&iid=877f9bc6-b44a-4e1d-81ab-e56a2e300c50.COMG2GXQZHYEFQG7.SEARCH&ppt=None&ppn=None&ssid=uxb6p9w43k0000001632257587295&qH=312f91285e048e09
ASUS VivoBook Ultra K14 (2021) Ryzen 5 Hexa Core 5500U - (8 GB/512 GB SSD/Windows 10 Home) KM413UA-EB5...,4.4,"₹58,990",www.flipkart.com/asus-vivobook-ultra-k14-2021-ryzen-5-hexa-core-5500u-8-gb-512-gb-ssd-windows-10-home-km413ua-eb503ts-thin-light-laptop/p/itm46873117b58f0?pid=COMGFG9VPU9PFKBK&lid=LSTCOMGFG9VPU9PFKBKKJIDLK&marketplace=FLIPKART&q=laptop&store=6bo%2Fb5g&srno=s_4_76&otracker=search&fm=organic&iid=877f9bc6-b44a-4e1d-81ab-e56a2e300c50.COMGFG9VPU9PFKBK.SEARCH&ppt=None&ppn=None&ssid=uxb6p9w43k0000001632257587295&qH=312f91285e048e09
Lenovo Legion 5 Core i5 10th Gen - (8 GB/512 GB SSD/Windows 10 Home/4 GB Graphics/NVIDIA GeForce GTX 1...,4.5,"₹68,490",www.flipkart.com/lenovo-legion-5-core-i5-10th-gen-8-gb-512-gb-ssd-windows-10-home-4-graphics-nvidia-geforce-gtx-1650-120-hz-15imh05-gaming-laptop/p/itmdbb1713f3cca4?pid=COMG4BHEFBUFVMHV&lid=LSTCOMG4BHEFBUFVMHVAKJAWI&marketplace=FLIPKART&q=laptop&store=6bo%2Fb5g&srno=s_4_77&otracker=search&fm=organic&iid=877f9bc6-b44a-4e1d-81ab-e56a2e300c50.COMG4BHEFBUFVMHV.SEARCH&ppt=None&ppn=None&ssid=uxb6p9w43k0000001632257587295&qH=312f91285e048e09
DELL Core i3 11th Gen - (8 GB/1 TB HDD/Windows 10) INSPIRON 3501 Thin and Light Laptop,4.6,"₹43,990",www.flipkart.com/dell-core-i3-11th-gen-8-gb-1-tb-hdd-windows-10-inspiron-3501-thin-light-laptop/p/itm54f47451685ff?pid=COMG6793BJESDXFZ&lid=LSTCOMG6793BJESDXFZ9XJIK7&marketplace=FLIPKART&q=laptop&store=6bo%2Fb5g&srno=s_4_78&otracker=search&fm=organic&iid=877f9bc6-b44a-4e1d-81ab-e56a2e300c50.COMG6793BJESDXFZ.SEARCH&ppt=None&ppn=None&ssid=uxb6p9w43k0000001632257587295&qH=312f91285e048e09
acer Travelmate Core i5 11th Gen - (16 GB/512 GB SSD/Windows 10 Home) TravelMate P214-53 Business Lapt...,5,"₹55,990",www.flipkart.com/acer-travelmate-core-i5-11th-gen-16-gb-512-gb-ssd-windows-10-home-p214-53-business-laptop/p/itm54a0a34302444?pid=COMG3TNFG2TJ5XQX&lid=LSTCOMG3TNFG2TJ5XQX4TUEGM&marketplace=FLIPKART&q=laptop&store=6bo%2Fb5g&srno=s_4_79&otracker=search&fm=organic&iid=877f9bc6-b44a-4e1d-81ab-e56a2e300c50.COMG3TNFG2TJ5XQX.SEARCH&ppt=None&ppn=None&ssid=uxb6p9w43k0000001632257587295&qH=312f91285e048e09
ASUS ASUS TUF Gaming Ryzen 7 Octa Core 4800H - (16 GB/512 GB SSD/Windows 10 Home/4 GB Graphics/NVIDIA ...,4.4,"₹82,990",www.flipkart.com/asus-tuf-gaming-ryzen-7-octa-core-4800h-16-gb-512-gb-ssd-windows-10-home-4-graphics-nvidia-geforce-rtx-3050-144-hz-fa766ic-hx005t-laptop/p/itm5b99d91a11dfa?pid=COMG5QHNU3DSZGEY&lid=LSTCOMG5QHNU3DSZGEYG2ALG4&marketplace=FLIPKART&q=laptop&store=6bo%2Fb5g&srno=s_4_80&otracker=search&fm=organic&iid=877f9bc6-b44a-4e1d-81ab-e56a2e300c50.COMG5QHNU3DSZGEY.SEARCH&ppt=None&ppn=None&ssid=uxb6p9w43k0000001632257587295&qH=312f91285e048e09
ASUS ZenBook 14 Core i5 11th Gen - (8 GB/512 GB SSD/Windows 10 Home) UX425EA-BM501TS Thin and Light La...,4.6,"₹71,990",www.flipkart.com/asus-zenbook-14-core-i5-11th-gen-8-gb-512-gb-ssd-windows-10-home-ux425ea-bm501ts-thin-light-laptop/p/itm173bc935b2a33?pid=COMFWXWWZYFRCPW7&lid=LSTCOMFWXWWZYFRCPW7PFUQPK&marketplace=FLIPKART&q=laptop&store=6bo%2Fb5g&srno=s_4_81&otracker=search&fm=organic&iid=877f9bc6-b44a-4e1d-81ab-e56a2e300c50.COMFWXWWZYFRCPW7.SEARCH&ppt=None&ppn=None&ssid=uxb6p9w43k0000001632257587295&qH=312f91285e048e09
Lenovo IdeaPad Gaming Core i7 10th Gen - (8 GB/512 GB SSD/Windows 10 Home/4 GB Graphics/NVIDIA GeForce...,4.6,"₹73,990",www.flipkart.com/lenovo-ideapad-gaming-core-i7-10th-gen-8-gb-512-gb-ssd-windows-10-home-4-graphics-nvidia-geforce-gtx-1650-120-hz-3-15imh05-laptop/p/itmca298edf4bb2e?pid=COMG3HHRMGSUZATZ&lid=LSTCOMG3HHRMGSUZATZHSVRV1&marketplace=FLIPKART&q=laptop&store=6bo%2Fb5g&srno=s_4_82&otracker=search&fm=organic&iid=877f9bc6-b44a-4e1d-81ab-e56a2e300c50.COMG3HHRMGSUZATZ.SEARCH&ppt=None&ppn=None&ssid=uxb6p9w43k0000001632257587295&qH=312f91285e048e09
ASUS TUF Gaming A17 Ryzen 7 Octa Core 4800H - (16 GB/1 TB HDD/256 GB SSD/Windows 10 Home/6 GB Graphics...,4.5,"₹88,990",www.flipkart.com/asus-tuf-gaming-a17-ryzen-7-octa-core-4800h-16-gb-1-tb-hdd-256-gb-ssd-windows-10-home-6-graphics-nvidia-geforce-gtx-1660-ti-120-hz-fa706iu-h7220t-laptop/p/itm3b0aa886b9d97?pid=COMFRZFDZUAGQZQN&lid=LSTCOMFRZFDZUAGQZQN7JSYH3&marketplace=FLIPKART&q=laptop&store=6bo%2Fb5g&spotlightTagId=BestvalueId_6bo%2Fb5g&srno=s_4_83&otracker=search&fm=organic&iid=877f9bc6-b44a-4e1d-81ab-e56a2e300c50.COMFRZFDZUAGQZQN.SEARCH&ppt=None&ppn=None&ssid=uxb6p9w43k0000001632257587295&qH=312f91285e048e09
acer Nitro 5 Ryzen 7 Octa Core - (16 GB/1 TB HDD/256 GB SSD/Windows 10 Home/6 GB Graphics/NVIDIA GeFor...,4.4,"₹1,19,990",www.flipkart.com/acer-nitro-5-ryzen-7-octa-core-16-gb-1-tb-hdd-256-gb-ssd-windows-10-home-6-graphics-nvidia-geforce-rtx-3060-144-hz-an515-45-gaming-laptop/p/itm17f7e09fadf97?pid=COMG2HCTU4CAZWD9&lid=LSTCOMG2HCTU4CAZWD9ODST5N&marketplace=FLIPKART&q=laptop&store=6bo%2Fb5g&srno=s_4_84&otracker=search&fm=organic&iid=877f9bc6-b44a-4e1d-81ab-e56a2e300c50.COMG2HCTU4CAZWD9.SEARCH&ppt=None&ppn=None&ssid=uxb6p9w43k0000001632257587295&qH=312f91285e048e09
Lenovo Legion 5 Core i7 10th Gen - (16 GB/512 GB SSD/Windows 10 Home/4 GB Graphics/NVIDIA GeForce GTX ...,4.6,"₹82,990",www.flipkart.com/lenovo-legion-5-core-i7-10th-gen-16-gb-512-gb-ssd-windows-10-home-4-graphics-nvidia-geforce-gtx-1650-120-hz-15imh05-gaming-laptop/p/itm799c8d74d9b0a?pid=COMG4BHEAZTYYSUM&lid=LSTCOMG4BHEAZTYYSUMBZE5EB&marketplace=FLIPKART&q=laptop&store=6bo%2Fb5g&srno=s_4_85&otracker=search&fm=organic&iid=877f9bc6-b44a-4e1d-81ab-e56a2e300c50.COMG4BHEAZTYYSUM.SEARCH&ppt=None&ppn=None&ssid=uxb6p9w43k0000001632257587295&qH=312f91285e048e09
ASUS ROG Strix G15 Core i5 10th Gen - (8 GB/512 GB SSD/Windows 10 Home/4 GB Graphics/NVIDIA GeForce GT...,3.5,"₹71,990",www.flipkart.com/asus-rog-strix-g15-core-i5-10th-gen-8-gb-512-gb-ssd-windows-10-home-4-graphics-nvidia-geforce-gtx-1650-ti-144-hz-g512li-hn094t-gaming-laptop/p/itmfbc27dd802085?pid=COMFTYWYF4EYCYPD&lid=LSTCOMFTYWYF4EYCYPDX3DMFZ&marketplace=FLIPKART&q=laptop&store=6bo%2Fb5g&srno=s_4_86&otracker=search&fm=organic&iid=877f9bc6-b44a-4e1d-81ab-e56a2e300c50.COMFTYWYF4EYCYPD.SEARCH&ppt=None&ppn=None&ssid=uxb6p9w43k0000001632257587295&qH=312f91285e048e09
Lenovo E41 APU Dual Core A6 A6-9225 - (4 GB/1 TB HDD/DOS) E41-45 Notebook,4.7,"₹27,990",www.flipkart.com/lenovo-e41-apu-dual-core-a6-a6-9225-4-gb-1-tb-hdd-dos-e41-45-notebook/p/itmae674a5d05fd6?pid=COMG42QMD5YZZWBE&lid=LSTCOMG42QMD5YZZWBE1P8NVV&marketplace=FLIPKART&q=laptop&store=6bo%2Fb5g&srno=s_4_87&otracker=search&fm=organic&iid=877f9bc6-b44a-4e1d-81ab-e56a2e300c50.COMG42QMD5YZZWBE.SEARCH&ppt=None&ppn=None&ssid=uxb6p9w43k0000001632257587295&qH=312f91285e048e09
MSI Pulse GL66 Core i7 11th Gen - (16 GB/1 TB SSD/Windows 10 Home/6 GB Graphics/NVIDIA GeForce RTX 306...,4.5,"₹1,26,990",www.flipkart.com/msi-pulse-gl66-core-i7-11th-gen-16-gb-1-tb-ssd-windows-10-home-6-gb-graphics-nvidia-geforce-rtx-3060-144-hz-11uek-248in-gaming-laptop/p/itmbb49a7b567a7a?pid=COMG4S3GDEHZ9SAT&lid=LSTCOMG4S3GDEHZ9SATW6MWIG&marketplace=FLIPKART&q=laptop&store=6bo%2Fb5g&srno=s_4_88&otracker=search&fm=organic&iid=877f9bc6-b44a-4e1d-81ab-e56a2e300c50.COMG4S3GDEHZ9SAT.SEARCH&ppt=None&ppn=None&ssid=uxb6p9w43k0000001632257587295&qH=312f91285e048e09
Lenovo ThinkPad E15 Core i5 11th Gen - (8 GB/512 GB SSD/Windows 10 Home) E15 Laptop,4.4,"₹72,990",www.flipkart.com/lenovo-thinkpad-e15-core-i5-11th-gen-8-gb-512-gb-ssd-windows-10-home-laptop/p/itm55c46691fa99f?pid=COMGF42GESHU6AYQ&lid=LSTCOMGF42GESHU6AYQOOXKJ3&marketplace=FLIPKART&q=laptop&store=6bo%2Fb5g&srno=s_4_89&otracker=search&fm=organic&iid=877f9bc6-b44a-4e1d-81ab-e56a2e300c50.COMGF42GESHU6AYQ.SEARCH&ppt=None&ppn=None&ssid=uxb6p9w43k0000001632257587295&qH=312f91285e048e09
ASUS TUF Gaming F15 Core i5 10th Gen - (8 GB/512 GB SSD/Windows 10 Home/4 GB Graphics/NVIDIA GeForce G...,4.9,"₹66,990",www.flipkart.com/asus-tuf-gaming-f15-core-i5-10th-gen-8-gb-512-gb-ssd-windows-10-home-4-graphics-nvidia-geforce-gtx-1650-ti-144-hz-fx506li-hn271ts-laptop/p/itme14aa4095ad4c?pid=COMGFVWMZXNEDHFB&lid=LSTCOMGFVWMZXNEDHFBKVM1HI&marketplace=FLIPKART&q=laptop&store=6bo%2Fb5g&srno=s_4_90&otracker=search&fm=organic&iid=877f9bc6-b44a-4e1d-81ab-e56a2e300c50.COMGFVWMZXNEDHFB.SEARCH&ppt=None&ppn=None&ssid=uxb6p9w43k0000001632257587295&qH=312f91285e048e09
ASUS ROG Strix Ryzen 9 Octa Core 5900HX - (16 GB/1 TB SSD/Windows 10 Home/6 GB Graphics/NVIDIA GeForce...,4.3,"₹1,40,990",www.flipkart.com/asus-rog-strix-ryzen-9-octa-core-5900hx-16-gb-1-tb-ssd-windows-10-home-6-gb-graphics-nvidia-geforce-rtx-3060-g513qm-hf406ts-gaming-laptop/p/itm6303cf8478461?pid=COMG5QHNJZHK9DCF&lid=LSTCOMG5QHNJZHK9DCFZDBGYD&marketplace=FLIPKART&q=laptop&store=6bo%2Fb5g&srno=s_4_91&otracker=search&fm=organic&iid=877f9bc6-b44a-4e1d-81ab-e56a2e300c50.COMG5QHNJZHK9DCF.SEARCH&ppt=None&ppn=None&ssid=uxb6p9w43k0000001632257587295&qH=312f91285e048e09
HP 14s Core i5 11th Gen - (8 GB/512 GB SSD/Windows 10 Home) 14s- DQ2535TU Thin and Light Laptop,4.3,"₹56,990",www.flipkart.com/hp-14s-core-i5-11th-gen-8-gb-512-gb-ssd-windows-10-home-14s-dq2535tu-thin-light-laptop/p/itmbdd471acce208?pid=COMG22MXENCNK53Y&lid=LSTCOMG22MXENCNK53YYJLSDC&marketplace=FLIPKART&q=laptop&store=6bo%2Fb5g&srno=s_4_92&otracker=search&fm=organic&iid=877f9bc6-b44a-4e1d-81ab-e56a2e300c50.COMG22MXENCNK53Y.SEARCH&ppt=None&ppn=None&ssid=uxb6p9w43k0000001632257587295&qH=312f91285e048e09
DELL Vostro Core i5 11th Gen - (8 GB/512 GB SSD/Windows 10/2 GB Graphics) Vostro 3400 Thin and Light L...,4.6,"₹61,990",www.flipkart.com/dell-vostro-core-i5-11th-gen-8-gb-512-gb-ssd-windows-10-2-graphics-3400-thin-light-laptop/p/itmc167498a111d8?pid=COMG55HHHTHGWZ5Q&lid=LSTCOMG55HHHTHGWZ5QGRQMVQ&marketplace=FLIPKART&q=laptop&store=6bo%2Fb5g&srno=s_4_93&otracker=search&fm=organic&iid=877f9bc6-b44a-4e1d-81ab-e56a2e300c50.COMG55HHHTHGWZ5Q.SEARCH&ppt=None&ppn=None&ssid=uxb6p9w43k0000001632257587295&qH=312f91285e048e09
Lenovo Ideapad Slim 3i (2021) Core i3 11th Gen - (8 GB/256 GB SSD/Windows 10 Home) 14 ITL 6 Thin and L...,4.7,"₹43,900",www.flipkart.com/lenovo-ideapad-slim-3i-2021-core-i3-11th-gen-8-gb-256-gb-ssd-windows-10-home-14-itl-6-thin-light-laptop/p/itm9076123b8f9cc?pid=COMG3TZGX4ZCAN5Y&lid=LSTCOMG3TZGX4ZCAN5YHBOTZU&marketplace=FLIPKART&q=laptop&store=6bo%2Fb5g&srno=s_4_94&otracker=search&fm=organic&iid=877f9bc6-b44a-4e1d-81ab-e56a2e300c50.COMG3TZGX4ZCAN5Y.SEARCH&ppt=None&ppn=None&ssid=uxb6p9w43k0000001632257587295&qH=312f91285e048e09
Lenovo Ideapad Slim 5 Ryzen 7 Octa Core 5700U - (8 GB/512 GB SSD/Windows 10 Home) 14 ALC 05 Thin and L...,4.3,"₹63,990",www.flipkart.com/lenovo-ideapad-slim-5-ryzen-7-octa-core-5700u-8-gb-512-gb-ssd-windows-10-home-14-alc-05-thin-light-laptop/p/itm777e427fbb654?pid=COMG3TZGVGKNQRWN&lid=LSTCOMG3TZGVGKNQRWNZA6GJV&marketplace=FLIPKART&q=laptop&store=6bo%2Fb5g&srno=s_4_95&otracker=search&fm=organic&iid=877f9bc6-b44a-4e1d-81ab-e56a2e300c50.COMG3TZGVGKNQRWN.SEARCH&ppt=None&ppn=None&ssid=uxb6p9w43k0000001632257587295&qH=312f91285e048e09
APPLE MacBook Air M1 - (8 GB/256 GB SSD/Mac OS Big Sur) MGND3HN/A,5,"₹88,990",www.flipkart.com/apple-macbook-air-m1-8-gb-256-gb-ssd-mac-os-big-sur-mgnd3hn-a/p/itma8a9681af6907?pid=COMFXEKM3S5BFS2G&lid=LSTCOMFXEKM3S5BFS2GMUIOWS&marketplace=FLIPKART&q=laptop&store=6bo%2Fb5g&srno=s_4_96&otracker=search&fm=organic&iid=877f9bc6-b44a-4e1d-81ab-e56a2e300c50.COMFXEKM3S5BFS2G.SEARCH&ppt=None&ppn=None&ssid=uxb6p9w43k0000001632257587295&qH=312f91285e048e09
